Microstate,FEL1000,FER1000,FTL1000,FTR1000,TPL1000,TPR1000
Microstate_1,0.4275283193856223,0.4291476491179717,0.434268353591046,0.438067073020907,0.41915590175863776,0.43955926616963376
Microstate_2,0.37119375883075995,0.37165726546747563,0.4357455583078306,0.42639423557114414,0.4265900221314094,0.37146300514579844
Microstate_3,0.3581006891876415,0.3572354352021597,0.4517252756539181,0.442649531790128,0.36224576619167737,0.3667457039693013
Microstate_4,0.35490293716626337,0.35576128811329,0.3593396818143001,0.43149890060311447,0.36307767992815626,0.3605921456634832
