Microstate,FEL1000,FER1000,FTL1000,FTR1000,TPL1000,TPR1000
Microstate_1,0.43656770348871926,0.42368007692641774,0.43193699810903186,0.441131483722616,0.422233416189847,0.4443484812523967
Microstate_2,0.3616658660234164,0.4304809855009494,0.4280881069254373,0.429749319196206,0.4254842770642193,0.44208122819908724
Microstate_3,0.36222825852980034,0.3606401425691476,0.4364658561849406,0.4406834074142435,0.35401561324215713,0.4496060164290419
Microstate_4,0.3482962908339921,0.35056457344226755,0.3607195641099428,0.34516882273255856,0.3658726844106997,0.36779620460774565
